angels-envy-cellar-oloroso	Angel's Envy Distillery	Angel's Envy Cellar Collection Oloroso
angels-envy-cs	Angel's Envy Distillery	Angel's Envy Cask Strength
angels-envy-port	Angel's Envy Distillery	Angel's Envy Port Finish
angels-envy-rye	Angel's Envy Distillery	Angel's Envy Rye
bakers-7	Beam Suntory	Baker's 7 Year Single Barrel
basil-haydens-10	Beam Suntory	Basil Hayden's 10 Year
basil-haydens-8	Beam Suntory	Basil Hayden's 8 Year
basil-haydens-dark-rye	Beam Suntory	Basil Hayden's Dark Rye
bbc-andalusia	Bardstown Bourbon Company	Bardstown × Andalusia Collaboration
bbc-fusion-9	Bardstown Bourbon Company	Bardstown Fusion Series #9
bbc-mcmennamins	Bardstown Bourbon Company	Bardstown × McMenamins Collaboration
bbc-origin-8	Bardstown Bourbon Company	Bardstown Bourbon Origin 8 Year
bbc-prisoner	Bardstown Bourbon Company	Bardstown × Prisoner Wine Collaboration
bernheim-original	Heaven Hill Distillery	Bernheim Original Wheat Whiskey
bookers-25th	Beam Suntory	Booker's 25th Anniversary
bookers-batch	Beam Suntory	Booker's Bourbon (Current Batch)
buffalo-trace-kosher	Buffalo Trace Distillery	Buffalo Trace Kosher Wheat Recipe
buffalo-trace-ksb	Buffalo Trace Distillery	Buffalo Trace Kentucky Straight Bourbon
eagle-rare-10	Buffalo Trace Distillery	Eagle Rare 10 Year
eagle-rare-17	Buffalo Trace Distillery	Eagle Rare 17 Year (BTAC)
elijah-craig-18	Heaven Hill Distillery	Elijah Craig 18 Year
elijah-craig-23	Heaven Hill Distillery	Elijah Craig 23 Year
elijah-craig-bp	Heaven Hill Distillery	Elijah Craig Barrel Proof
elijah-craig-sb	Heaven Hill Distillery	Elijah Craig Small Batch
four-roses-135th	Four Roses Distillery	Four Roses 135th Anniversary
four-roses-el-2023	Four Roses Distillery	Four Roses Limited Edition Small Batch 2023
four-roses-el-sb-2023	Four Roses Distillery	Four Roses Limited Edition Single Barrel 2023
four-roses-single-barrel	Four Roses Distillery	Four Roses Single Barrel
four-roses-small-batch	Four Roses Distillery	Four Roses Small Batch
four-roses-small-batch-select	Four Roses Distillery	Four Roses Small Batch Select
four-roses-yellow	Four Roses Distillery	Four Roses Yellow Label
hh-bib-7	Heaven Hill Distillery	Heaven Hill 7 Year Bottled-in-Bond
high-west-american-prairie	High West Distillery	High West American Prairie Bourbon
high-west-bourye	High West Distillery	High West Bourye
high-west-campfire	High West Distillery	High West Campfire
high-west-double-rye	High West Distillery	High West Double Rye!
high-west-midwinter	High West Distillery	High West Midwinter Night's Dram
high-west-rendezvous-rye	High West Distillery	High West Rendezvous Rye
jack-daniels-10-year	Brown-Forman	Jack Daniel's 10 Year Tennessee Whiskey
jack-daniels-150th	Brown-Forman	Jack Daniel's 150th Anniversary
jack-daniels-gentleman	Brown-Forman	Gentleman Jack
jack-daniels-old-no7	Brown-Forman	Jack Daniel's Old No. 7
jack-daniels-single-barrel	Brown-Forman	Jack Daniel's Single Barrel Select
johnny-drum-private-stock	Willett Distillery	Johnny Drum Private Stock
knob-creek-12	Beam Suntory	Knob Creek 12 Year
knob-creek-25th	Beam Suntory	Knob Creek 25th Anniversary
knob-creek-9	Beam Suntory	Knob Creek 9 Year
knob-creek-single-barrel	Beam Suntory	Knob Creek Single Barrel Reserve
larceny-bp	Heaven Hill Distillery	Larceny Barrel Proof
larceny-small-batch	Heaven Hill Distillery	Larceny Small Batch
michters-10-bourbon	Michter's Distillery	Michter's 10 Year Bourbon
michters-10-rye	Michter's Distillery	Michter's 10 Year Rye
michters-20-bourbon	Michter's Distillery	Michter's 20 Year Bourbon
michters-25-bourbon	Michter's Distillery	Michter's 25 Year Bourbon
michters-sour-mash	Michter's Distillery	Michter's US*1 Sour Mash
michters-toasted-bourbon	Michter's Distillery	Michter's Toasted Barrel Finish Bourbon
michters-toasted-sour-mash	Michter's Distillery	Michter's Toasted Barrel Finish Sour Mash
michters-us1-american	Michter's Distillery	Michter's US*1 American Whiskey
michters-us1-bourbon	Michter's Distillery	Michter's US*1 Small Batch Bourbon
michters-us1-rye	Michter's Distillery	Michter's US*1 Single Barrel Rye
old-forester-100	Brown-Forman	Old Forester 100 Proof
old-forester-1870	Brown-Forman	Old Forester 1870 Original Batch
old-forester-1920	Brown-Forman	Old Forester 1920 Prohibition Style
old-forester-birthday-bourbon	Brown-Forman	Old Forester Birthday Bourbon 2023
old-forester-president	Brown-Forman	Old Forester President's Choice
pappy-10	Buffalo Trace Distillery	Old Rip Van Winkle 10 Year
pappy-12	Buffalo Trace Distillery	Van Winkle Special Reserve 12 Year
pappy-15	Buffalo Trace Distillery	Pappy Van Winkle 15 Year
pappy-20	Buffalo Trace Distillery	Pappy Van Winkle 20 Year
pappy-23	Buffalo Trace Distillery	Pappy Van Winkle 23 Year
parkers-heritage-barrel	Heaven Hill Distillery	Parker's Heritage Heavy Char
parkers-heritage-wheat	Heaven Hill Distillery	Parker's Heritage Wheated Mash
russells-10	Wild Turkey Distillery	Russell's Reserve 10 Year
russells-2002	Wild Turkey Distillery	Russell's Reserve 2002 Vintage
russells-6-rye	Wild Turkey Distillery	Russell's Reserve 6 Year Rye
russells-single-barrel	Wild Turkey Distillery	Russell's Reserve Single Barrel
sazerac-rye-18	Buffalo Trace Distillery	Thomas H. Handy Sazerac Rye (BTAC)
sazerac-rye-6	Buffalo Trace Distillery	Sazerac Rye 6 Year
stagg-btac	Buffalo Trace Distillery	George T. Stagg (BTAC)
stagg-jr	Buffalo Trace Distillery	Stagg Jr.
vw-family-reserve-rye	Buffalo Trace Distillery	Van Winkle Family Reserve Rye 13 Year
weller-12	Buffalo Trace Distillery	Weller 12 Year
weller-antique-107	Buffalo Trace Distillery	Weller Antique 107
weller-craft-reserve	Buffalo Trace Distillery	Weller Craft Reserve
weller-full-proof	Buffalo Trace Distillery	Weller Full Proof
weller-single-barrel	Buffalo Trace Distillery	Weller Single Barrel
weller-special-reserve	Buffalo Trace Distillery	Weller Special Reserve
wild-turkey-101	Wild Turkey Distillery	Wild Turkey 101
wild-turkey-diamond	Wild Turkey Distillery	Wild Turkey Diamond Anniversary
wild-turkey-longbranch	Wild Turkey Distillery	Wild Turkey Longbranch
wild-turkey-rare-breed	Wild Turkey Distillery	Wild Turkey Rare Breed
willett-fe-3-rye	Willett Distillery	Willett Family Estate 3 Year Rye
willett-fe-4-bourbon	Willett Distillery	Willett Family Estate 4 Year Bourbon
willett-fe-8	Willett Distillery	Willett Family Estate 8 Year
willett-pot-still-bourbon	Willett Distillery	Willett Pot Still Reserve
woodford-batch-proof	Brown-Forman	Woodford Reserve Batch Proof
woodford-double-oaked	Brown-Forman	Woodford Reserve Double Oaked
woodford-masters-collection	Brown-Forman	Woodford Reserve Master's Collection
woodford-reserve-ds	Brown-Forman	Woodford Reserve Distiller's Select
